CREATE DATABASE  IF NOT EXISTS `demo`;
USE `demo`;
-- MySQL dump 10.13  Distrib 8.0.22, for Win64 (x86_64)
--
-- Host: localhost    Database: demo
-- ------------------------------------------------------
-- Server version	8.0.22

/*!40101 SET @OLD_CHARACTER_SET_CLIENT=@@CHARACTER_SET_CLIENT */;
/*!40101 SET @OLD_CHARACTER_SET_RESULTS=@@CHARACTER_SET_RESULTS */;
/*!40101 SET @OLD_COLLATION_CONNECTION=@@COLLATION_CONNECTION */;
/*!50503 SET NAMES utf8 */;
/*!40103 SET @OLD_TIME_ZONE=@@TIME_ZONE */;
/*!40103 SET TIME_ZONE='+00:00' */;
/*!40014 SET @OLD_UNIQUE_CHECKS=@@UNIQUE_CHECKS, UNIQUE_CHECKS=0 */;
/*!40014 SET @OLD_FOREIGN_KEY_CHECKS=@@FOREIGN_KEY_CHECKS, FOREIGN_KEY_CHECKS=0 */;
/*!40101 SET @OLD_SQL_MODE=@@SQL_MODE, SQL_MODE='NO_AUTO_VALUE_ON_ZERO' */;
/*!40111 SET @OLD_SQL_NOTES=@@SQL_NOTES, SQL_NOTES=0 */;

--
-- Table structure for table `fund`
--

DROP TABLE IF EXISTS `fund`;
/*!40101 SET @saved_cs_client     = @@character_set_client */;
/*!50503 SET character_set_client = utf8mb4 */;
CREATE TABLE `fund` (
  `fund_id` int NOT NULL AUTO_INCREMENT,
  `name` varchar(45) DEFAULT NULL,
  `employee_id` int DEFAULT NULL,
  PRIMARY KEY (`fund_id`),
  UNIQUE KEY `name_UNIQUE` (`name`),
  KEY `employee_id_idx` (`employee_id`),
  CONSTRAINT `employee_id` FOREIGN KEY (`employee_id`) REFERENCES `fund_manager` (`employee_id`)
);
/*!40101 SET character_set_client = @saved_cs_client */;

--
-- Dumping data for table `fund`
--

LOCK TABLES `fund` WRITE;
/*!40000 ALTER TABLE `fund` DISABLE KEYS */;
INSERT INTO `fund` VALUES (1,'Olympic Memorial Fund',1),(2,'UK Overseas Income Fund',1),(3,'North America Growth',2),(4,'Grobal Tech Fund',2),(5,'Grobal Growth',1),(6,'Grobal Growth 2',1),(7,'CCCCC',2),(11,'CCCCA',1),(12,'CCCC',1),(14,'CCCC111',1),(19,'ccccccccccccccc',3);
/*!40000 ALTER TABLE `fund` ENABLE KEYS */;
UNLOCK TABLES;

--
-- Table structure for table `fund_manager`
--

DROP TABLE IF EXISTS `fund_manager`;
/*!40101 SET @saved_cs_client     = @@character_set_client */;
/*!50503 SET character_set_client = utf8mb4 */;
CREATE TABLE `fund_manager` (
  `employee_id` int NOT NULL AUTO_INCREMENT,
  `firstname` varchar(45) DEFAULT NULL,
  `lastname` varchar(45) DEFAULT NULL,
  PRIMARY KEY (`employee_id`)
);
/*!40101 SET character_set_client = @saved_cs_client */;

--
-- Dumping data for table `fund_manager`
--

LOCK TABLES `fund_manager` WRITE;
/*!40000 ALTER TABLE `fund_manager` DISABLE KEYS */;
INSERT INTO `fund_manager` VALUES (1,'Terry','Jones'),(2,'Mike','Smith'),(3,'Test','test'),(4,'Test','test'),(5,'Xiaohan','Chen');
/*!40000 ALTER TABLE `fund_manager` ENABLE KEYS */;
UNLOCK TABLES;

--
-- Table structure for table `position`
--

DROP TABLE IF EXISTS `position`;
/*!40101 SET @saved_cs_client     = @@character_set_client */;
/*!50503 SET character_set_client = utf8mb4 */;
CREATE TABLE `position` (
  `position_id` int NOT NULL AUTO_INCREMENT,
  `security_id` int DEFAULT NULL,
  `fund_id` int DEFAULT NULL,
  `quantity` int DEFAULT NULL,
  `date` date DEFAULT NULL,
  PRIMARY KEY (`position_id`),
  KEY `fund_id_idx` (`fund_id`),
  KEY `security_id_idx` (`security_id`),
  CONSTRAINT `fund_id` FOREIGN KEY (`fund_id`) REFERENCES `fund` (`fund_id`),
  CONSTRAINT `security_id` FOREIGN KEY (`security_id`) REFERENCES `security` (`security_id`)
);
/*!40101 SET character_set_client = @saved_cs_client */;

--
-- Dumping data for table `position`
--

LOCK TABLES `position` WRITE;
/*!40000 ALTER TABLE `position` DISABLE KEYS */;
INSERT INTO `position` VALUES (1,1,1,100,'2016-07-10'),(2,1,1,250,'2016-09-23'),(3,1,2,200,'2016-08-14'),(4,1,3,125,'2016-09-23'),(5,1,4,75,'2016-07-27'),(6,1,1,200,'2021-08-12'),(7,1,1,200,'2021-08-13'),(8,1,1,200,'2021-08-13'),(9,1,2,200,'2021-08-13'),(10,2,1,1111,'2021-08-13'),(11,2,1,200,'2021-08-13'),(12,3,2,200,'2021-08-13');
/*!40000 ALTER TABLE `position` ENABLE KEYS */;
UNLOCK TABLES;

--
-- Table structure for table `security`
--

DROP TABLE IF EXISTS `security`;
/*!40101 SET @saved_cs_client     = @@character_set_client */;
/*!50503 SET character_set_client = utf8mb4 */;
CREATE TABLE `security` (
  `security_id` int NOT NULL AUTO_INCREMENT,
  `symbol` varchar(45) DEFAULT NULL,
  PRIMARY KEY (`security_id`)
);
/*!40101 SET character_set_client = @saved_cs_client */;

--
-- Dumping data for table `security`
--

LOCK TABLES `security` WRITE;
/*!40000 ALTER TABLE `security` DISABLE KEYS */;
INSERT INTO `security` VALUES (1,'IBM'),(2,'MS'),(3,'bbbbb');
/*!40000 ALTER TABLE `security` ENABLE KEYS */;
UNLOCK TABLES;

--
-- Table structure for table `user`
--

DROP TABLE IF EXISTS `user`;
/*!40101 SET @saved_cs_client     = @@character_set_client */;
/*!50503 SET character_set_client = utf8mb4 */;
CREATE TABLE `user` (
  `user_id` int NOT NULL AUTO_INCREMENT,
  `email` varchar(45) NOT NULL,
  `password` varchar(45) NOT NULL,
  PRIMARY KEY (`user_id`),
  UNIQUE KEY `new_tablecol_UNIQUE` (`email`)
);
/*!40101 SET character_set_client = @saved_cs_client */;

--
-- Dumping data for table `user`
--

LOCK TABLES `user` WRITE;
/*!40000 ALTER TABLE `user` DISABLE KEYS */;
INSERT INTO `user` VALUES (2,'120512900@qq.com','e99a18c428cb38d5f260853678922e03'),(3,'admin','e99a18c428cb38d5f260853678922e03');
/*!40000 ALTER TABLE `user` ENABLE KEYS */;
UNLOCK TABLES;
/*!40103 SET TIME_ZONE=@OLD_TIME_ZONE */;

/*!40101 SET SQL_MODE=@OLD_SQL_MODE */;
/*!40014 SET FOREIGN_KEY_CHECKS=@OLD_FOREIGN_KEY_CHECKS */;
/*!40014 SET UNIQUE_CHECKS=@OLD_UNIQUE_CHECKS */;
/*!40101 SET CHARACTER_SET_CLIENT=@OLD_CHARACTER_SET_CLIENT */;
/*!40101 SET CHARACTER_SET_RESULTS=@OLD_CHARACTER_SET_RESULTS */;
/*!40101 SET COLLATION_CONNECTION=@OLD_COLLATION_CONNECTION */;
/*!40111 SET SQL_NOTES=@OLD_SQL_NOTES */;

-- Dump completed on 2021-08-18  3:59:34
